Accuracy,Precision,Recall,F1 Score,AUC,MCC,Length
0.9447198879551821,0.9600662939692277,0.9619047619047618,0.9608574441021638,0.984239417989418,0.8673836482385677,33
0.9430812324929972,0.9596850529809338,0.9595238095238094,0.9595496965006325,0.9822269463340891,0.8638101731665737,33
0.9397058823529413,0.950935835554539,0.9642857142857142,0.9572110003949005,0.9801143235071805,0.857091637832745,31
