Accuracy,Precision,Recall,F1 Score,AUC,MCC,Length
0.9514425770308123,0.9600622900988196,0.9714285714285715,0.9656190173705245,0.9844803476946336,0.883642787090076,33
0.954747899159664,0.9692667144562067,0.9666666666666668,0.9676667827736611,0.9812377173091459,0.8936469389274023,34
0.9414005602240897,0.9514723177295978,0.9666666666666668,0.9587212388288666,0.9764880952380952,0.8596198044341399,30
